,Building Type,Square Footage,Number of Occupants,Appliances Used,Average Temperature,Day of Week,Energy Consumption
0,Residential,7063,76,10,29.84,Weekday,2713.95
1,Commercial,44372,66,45,16.72,Weekday,5744.99
2,Industrial,19255,37,17,14.3,Weekend,4101.24
3,Residential,13265,14,41,32.82,Weekday,3009.14
4,Commercial,13375,26,18,11.92,Weekday,3279.17
5,Commercial,37377,26,32,16.24,Weekend,4687.67
6,Industrial,38638,92,14,21.01,Weekend,5526.83
7,Residential,34950,60,18,28.24,Weekday,4116.32
8,Industrial,29741,99,44,13.08,Weekday,5841.65
9,Residential,17467,42,36,28.84,Weekday,3419.13
10,Commercial,27702,71,14,11.3,Weekend,4318.61
11,Commercial,47265,4,44,25.38,Weekday,5206.34
12,Residential,19139,97,34,17.35,Weekday,4070.21
13,Residential,17820,11,8,17.8,Weekend,2571.98
14,Residential,45868,97,19,22.45,Weekend,5031.14
15,Commercial,9578,54,47,13.56,Weekend,3891.12
16,Commercial,4310,34,44,24.62,Weekday,3362.42
17,Industrial,38446,97,20,23.99,Weekend,5672.37
18,Industrial,7460,32,23,27.87,Weekday,3563.67
19,Residential,10880,19,48,22.67,Weekend,3080.67
20,Commercial,37912,24,43,10.38,Weekday,4993.7
21,Industrial,14699,83,40,32.92,Weekday,4750.37
22,Industrial,18274,32,22,17.87,Weekday,4134.35
23,Commercial,23898,55,16,26.95,Weekend,3930.14
24,Residential,41498,39,27,18.67,Weekend,4411.53
25,Industrial,41238,22,7,31.95,Weekday,4812.15
26,Residential,35611,8,5,23.67,Weekend,3342.21
27,Industrial,49653,63,12,29.54,Weekday,5754.96
28,Residential,30259,35,14,15.39,Weekend,3566.01
29,Residential,27072,12,30,32.89,Weekend,3409.14
30,Commercial,13499,75,41,12.97,Weekday,4230.09
31,Residential,46749,22,36,15.41,Weekend,4700.42
32,Commercial,22931,24,34,24.93,Weekday,3991.89
33,Industrial,29341,2,13,11.36,Weekend,4190.25
34,Residential,3800,5,26,20.96,Weekday,2205.2
35,Residential,49094,33,11,14.17,Weekday,4483.83
36,Residential,10403,25,26,21.34,Weekday,2733.45
37,Industrial,31919,77,20,22.84,Weekend,5151.75
38,Residential,1841,31,13,15.09,Weekend,2086.62
39,Residential,42188,64,43,24.21,Weekday,5038.34
40,Industrial,20920,89,31,32.76,Weekend,4892.22
41,Commercial,12093,58,35,10.34,Weekday,3882.94
42,Residential,27845,85,21,29.36,Weekend,4015.46
43,Residential,36832,20,30,31.23,Weekend,3985.45
44,Industrial,45162,85,45,12.92,Weekday,6493.48
45,Industrial,14105,73,26,14.95,Weekday,4430.49
46,Industrial,34914,99,18,33.43,Weekend,5428.56
47,Residential,16025,35,16,21.39,Weekday,2914.3
48,Industrial,49043,26,48,28.64,Weekend,6028.93
49,Residential,29898,63,13,18.75,Weekend,3791.16
50,Residential,12615,85,45,11.64,Weekday,3872.54
51,Commercial,3308,2,24,18.69,Weekday,2621.96
52,Industrial,35031,3,13,13.09,Weekday,4526.12
53,Residential,3211,78,10,28.31,Weekend,2499.0
54,Residential,10496,21,17,31.54,Weekend,2417.11
55,Industrial,49997,15,22,26.78,Weekday,5505.97
56,Industrial,38697,17,35,34.03,Weekend,5134.71
57,Industrial,36484,69,43,15.98,Weekend,5794.31
58,Industrial,28587,24,14,23.97,Weekend,4329.5
59,Industrial,28880,89,10,22.15,Weekend,4923.27
60,Industrial,7559,27,44,10.08,Weekday,4027.56
61,Commercial,6590,89,32,31.24,Weekday,3753.31
62,Industrial,44528,78,22,15.51,Weekend,5868.84
63,Commercial,6288,33,20,25.24,Weekday,2968.2
64,Residential,9627,84,41,25.93,Weekend,3511.71
65,Commercial,36868,10,22,15.14,Weekend,4307.72
66,Commercial,6859,25,47,25.8,Weekend,3403.93
67,Residential,35988,57,47,17.34,Weekend,4722.68
68,Residential,18185,97,15,29.66,Weekday,3580.93
69,Industrial,35633,44,19,11.91,Weekend,5042.08
70,Industrial,45359,75,35,26.86,Weekday,6133.65
71,Industrial,36335,6,33,17.4,Weekday,4999.76
72,Residential,11844,2,22,20.11,Weekend,2451.63
73,Industrial,12454,68,35,29.35,Weekend,4355.96
74,Commercial,13581,73,7,20.74,Weekday,3495.35
75,Industrial,27428,48,40,21.62,Weekend,5043.32
76,Commercial,16004,23,47,10.9,Weekend,3915.71
77,Commercial,48351,4,18,24.42,Weekday,4745.47
78,Industrial,37880,34,11,11.92,Weekday,4944.4
79,Industrial,47181,40,16,11.52,Weekday,5571.47
80,Commercial,13587,68,13,25.69,Weekday,3540.91
81,Industrial,14882,48,40,27.71,Weekday,4435.54
82,Commercial,49038,43,25,14.5,Weekday,5359.38
83,Residential,41470,77,3,32.58,Weekday,4290.61
84,Commercial,20579,44,19,22.34,Weekday,3787.26
85,Residential,25780,59,33,32.21,Weekday,3927.94
86,Industrial,44909,4,4,22.06,Weekday,4805.17
87,Residential,2259,22,45,24.88,Weekend,2608.53
88,Residential,6654,21,24,15.0,Weekday,2497.72
89,Commercial,13303,22,32,25.42,Weekday,3448.03
90,Residential,26183,68,3,16.82,Weekend,3465.03
91,Commercial,16434,24,24,17.95,Weekday,3501.94
92,Industrial,4763,86,32,15.79,Weekday,4209.18
93,Residential,29625,55,2,10.62,Weekend,3518.13
94,Commercial,44361,30,39,22.49,Weekend,5185.62
95,Commercial,560,68,3,33.63,Weekend,2599.86
96,Residential,8745,28,30,17.72,Weekend,2728.63
97,Commercial,4590,6,35,15.55,Weekday,2961.76
98,Industrial,19842,15,11,11.29,Weekday,3855.63
99,Commercial,40166,70,35,13.05,Weekend,5343.05
100,Commercial,16905,88,26,17.36,Weekend,4158.47
101,Commercial,10647,46,41,13.13,Weekday,3796.71
102,Commercial,4970,21,17,29.93,Weekend,2648.85
103,Residential,2692,83,13,23.67,Weekday,2656.26
104,Industrial,981,3,12,28.85,Weekday,2724.82
105,Industrial,6683,39,41,15.77,Weekday,4015.3
106,Commercial,6776,84,29,17.2,Weekday,3722.8
107,Residential,32153,75,24,33.11,Weekend,4172.08
108,Commercial,19287,77,34,33.56,Weekend,4246.55
109,Residential,1399,32,15,26.19,Weekday,2109.01
110,Residential,18949,64,42,23.14,Weekend,3811.73
111,Residential,22254,10,17,24.49,Weekday,2980.23
112,Residential,33421,41,1,26.97,Weekday,3516.18
113,Residential,25262,66,1,29.74,Weekday,3344.42
114,Residential,40325,86,31,18.88,Weekend,4901.86
115,Commercial,36897,30,32,20.36,Weekend,4683.04
116,Industrial,46417,82,20,23.44,Weekday,5973.63
117,Industrial,22515,60,30,13.61,Weekend,4757.71
118,Commercial,17459,3,37,27.75,Weekday,3554.19
119,Residential,39714,82,41,16.32,Weekday,5094.1
120,Industrial,43501,83,31,26.67,Weekday,6041.7
121,Residential,7787,73,35,19.29,Weekday,3272.91
122,Commercial,16958,2,49,30.66,Weekday,3744.59
123,Industrial,40211,75,21,28.17,Weekday,5589.71
124,Industrial,6484,19,36,22.89,Weekend,3619.74
125,Residential,41496,73,2,14.29,Weekend,4273.37
126,Commercial,20672,46,10,18.4,Weekday,3651.6
127,Residential,9101,15,4,12.87,Weekday,2170.7
128,Commercial,17827,35,4,24.93,Weekday,3246.71
129,Commercial,12061,40,4,14.57,Weekend,3010.22
130,Commercial,11862,5,36,33.46,Weekend,3195.8
131,Commercial,24863,50,40,25.81,Weekend,4414.12
132,Commercial,9019,60,48,31.53,Weekday,3903.29
133,Commercial,6224,15,39,28.75,Weekend,3097.45
134,Commercial,44013,15,49,10.43,Weekend,5278.51
135,Residential,30515,93,3,32.87,Weekday,3901.38
136,Residential,49646,12,12,18.68,Weekday,4298.92
137,Residential,48903,70,22,23.91,Weekday,5015.61
138,Commercial,9517,82,46,13.2,Weekend,4149.86
139,Commercial,29878,16,41,31.63,Weekend,4315.75
140,Residential,18771,66,4,14.36,Weekend,3106.77
141,Residential,34072,12,13,29.68,Weekend,3435.18
142,Industrial,9095,5,34,29.59,Weekend,3536.81
143,Industrial,26792,86,10,15.01,Weekday,4874.53
144,Commercial,45580,68,4,33.33,Weekday,4922.36
145,Residential,14525,58,24,27.49,Weekend,3148.79
146,Industrial,26529,54,47,32.58,Weekend,5143.54
147,Residential,19563,65,27,22.5,Weekend,3555.64
148,Industrial,13525,21,25,32.25,Weekday,3775.01
149,Residential,18086,21,8,17.75,Weekend,2685.54
150,Industrial,31407,2,39,23.03,Weekday,4805.22
151,Industrial,36454,72,40,10.71,Weekend,5789.16
152,Commercial,35207,16,44,32.34,Weekday,4688.65
153,Commercial,20395,42,27,15.63,Weekday,3951.62
154,Residential,48382,95,1,31.98,Weekday,4779.18
155,Commercial,12200,95,8,29.74,Weekday,3621.32
156,Industrial,41131,12,14,13.25,Weekend,4890.31
157,Industrial,21177,69,7,32.54,Weekday,4276.15
158,Residential,11182,13,45,12.11,Weekend,3028.56
159,Residential,3208,68,29,14.07,Weekend,2850.05
160,Residential,2853,81,37,23.68,Weekend,3074.25
161,Industrial,9496,85,21,28.01,Weekend,4104.73
162,Commercial,14653,47,4,13.55,Weekend,3214.88
163,Industrial,40829,52,4,32.3,Weekend,4979.96
164,Industrial,34508,98,24,10.55,Weekday,5682.63
165,Commercial,32396,23,43,28.56,Weekday,4616.98
166,Industrial,40185,73,23,34.62,Weekday,5576.14
167,Industrial,37765,92,35,25.8,Weekend,5879.25
168,Commercial,24321,78,17,34.79,Weekday,4212.08
169,Industrial,30366,21,28,28.96,Weekend,4643.49
170,Residential,7991,13,18,21.04,Weekend,2284.33
171,Residential,29041,10,10,21.71,Weekday,3193.51
172,Industrial,21170,89,8,27.28,Weekday,4522.1
173,Industrial,32098,4,13,27.18,Weekend,4269.02
174,Commercial,23911,93,48,31.37,Weekday,4978.71
175,Residential,17529,43,44,19.34,Weekday,3639.76
176,Industrial,8507,36,28,19.36,Weekday,3798.54
177,Commercial,36159,79,30,34.31,Weekday,5076.4
178,Commercial,9002,99,41,19.66,Weekday,4211.82
179,Residential,40415,8,48,12.44,Weekday,4548.56
180,Commercial,13761,3,28,31.36,Weekday,3171.27
181,Residential,14007,91,34,17.79,Weekend,3701.39
182,Commercial,1468,21,10,33.58,Weekday,2365.5
183,Industrial,13308,16,41,27.82,Weekday,4056.28
184,Industrial,46148,30,39,33.84,Weekend,5718.21
185,Industrial,30469,55,26,28.11,Weekday,5002.91
186,Industrial,9442,25,31,15.3,Weekday,3815.61
187,Commercial,28571,25,21,26.8,Weekend,3964.54
188,Commercial,26672,8,1,19.76,Weekday,3384.78
189,Commercial,25291,83,17,17.14,Weekend,4348.86
190,Industrial,22616,31,47,17.91,Weekday,4841.23
191,Industrial,33726,70,34,10.13,Weekday,5565.67
192,Residential,2896,51,27,11.96,Weekday,2684.98
193,Industrial,27876,52,26,10.39,Weekend,4881.83
194,Industrial,43374,64,15,11.73,Weekday,5600.03
195,Residential,32487,95,49,16.69,Weekday,5020.9
196,Commercial,44085,10,30,10.68,Weekday,4900.84
197,Commercial,13721,8,10,20.28,Weekend,2864.63
198,Industrial,36559,73,28,14.86,Weekend,5543.64
199,Industrial,21453,58,6,19.1,Weekday,4227.17
200,Residential,49810,65,33,24.63,Weekday,5227.37
201,Industrial,27245,90,44,33.51,Weekend,5474.72
202,Industrial,7283,88,44,19.54,Weekday,4576.47
203,Industrial,47827,44,23,30.84,Weekend,5637.13
204,Industrial,16922,57,19,20.07,Weekend,4195.75
205,Residential,29206,41,31,24.01,Weekday,3920.23
206,Commercial,6616,1,21,17.83,Weekday,2721.67
207,Residential,22010,83,21,21.77,Weekend,3741.64
208,Commercial,3593,88,41,22.27,Weekend,3768.3
209,Industrial,15874,89,14,28.98,Weekend,4318.82
210,Residential,10416,33,14,23.74,Weekend,2512.1
211,Commercial,9205,93,49,16.33,Weekend,4288.58
212,Industrial,29902,15,34,16.79,Weekend,4741.16
213,Commercial,7714,51,7,13.32,Weekday,3019.12
214,Industrial,24854,60,27,34.51,Weekend,4710.15
215,Industrial,29269,35,19,18.63,Weekend,4600.3
216,Industrial,45055,82,22,17.47,Weekend,5925.39
217,Residential,17843,15,1,33.38,Weekday,2445.25
218,Residential,15817,85,47,25.14,Weekend,3955.17
219,Residential,34768,63,47,33.23,Weekday,4692.24
220,Residential,8625,70,46,22.83,Weekend,3437.1
221,Residential,5609,81,2,33.21,Weekday,2514.4
222,Commercial,35942,87,11,30.09,Weekend,4736.66
223,Industrial,45047,13,45,16.46,Weekday,5750.07
224,Industrial,20316,42,24,16.95,Weekend,4331.04
225,Commercial,34497,34,35,18.11,Weekend,4674.31
226,Residential,15858,30,2,29.99,Weekend,2482.94
227,Residential,4262,4,38,31.41,Weekday,2406.04
228,Industrial,9146,42,44,30.72,Weekend,4103.69
229,Industrial,16077,58,19,16.61,Weekday,4230.79
230,Industrial,24660,32,5,23.67,Weekend,4034.64
231,Commercial,48338,2,18,20.62,Weekend,4693.8
232,Commercial,24577,86,24,24.53,Weekend,4446.22
233,Residential,11803,32,1,27.57,Weekday,2342.32
234,Commercial,16146,22,30,25.81,Weekend,3498.27
235,Industrial,11671,63,8,34.74,Weekend,3699.87
236,Residential,17775,90,1,21.06,Weekday,3253.47
237,Commercial,23411,98,23,20.5,Weekday,4558.07
238,Industrial,43380,31,33,34.69,Weekend,5465.54
239,Residential,27088,43,34,20.96,Weekend,3859.59
240,Commercial,34433,58,48,29.34,Weekday,5164.94
241,Commercial,12798,80,4,11.3,Weekday,3513.41
242,Residential,15843,36,37,22.53,Weekend,3279.51
243,Commercial,9946,35,40,16.32,Weekend,3565.7
244,Residential,22542,58,47,32.58,Weekend,3984.2
245,Residential,15096,16,11,10.88,Weekend,2580.42
246,Commercial,40911,97,46,28.14,Weekend,5794.83
247,Commercial,44981,81,20,27.82,Weekday,5369.95
248,Residential,33897,55,30,32.48,Weekday,4232.44
249,Commercial,35935,55,37,23.7,Weekday,5018.25
250,Industrial,1314,51,46,29.12,Weekend,3850.11
251,Residential,8283,34,30,19.68,Weekend,2755.75
252,Residential,2613,11,2,29.34,Weekday,1683.95
253,Commercial,10957,86,49,22.06,Weekend,4277.54
254,Industrial,35301,28,45,15.43,Weekend,5367.9
255,Residential,23765,12,3,33.13,Weekday,2752.62
256,Industrial,32085,38,31,16.0,Weekday,5074.24
257,Industrial,4238,22,20,25.08,Weekday,3256.52
258,Commercial,49090,70,17,20.78,Weekend,5390.61
259,Industrial,7237,62,34,19.48,Weekday,4114.45
260,Industrial,16376,7,7,27.65,Weekend,3390.53
261,Industrial,45920,54,34,34.66,Weekend,5842.72
262,Residential,34242,32,16,20.35,Weekend,3750.37
263,Residential,7065,4,14,30.62,Weekend,2020.15
264,Residential,47328,12,3,32.59,Weekend,3883.46
265,Residential,3880,45,3,24.75,Weekday,2130.26
266,Industrial,3868,75,24,33.81,Weekday,3804.34
267,Industrial,626,2,33,23.52,Weekend,3093.71
268,Residential,23551,93,37,26.83,Weekday,4263.39
269,Commercial,605,16,36,16.95,Weekday,2875.48
270,Industrial,12164,82,41,23.04,Weekday,4683.0
271,Industrial,35698,91,29,32.83,Weekday,5660.75
272,Residential,43694,45,46,20.91,Weekend,4950.15
273,Commercial,21109,15,33,13.98,Weekday,3845.57
274,Industrial,35867,76,12,10.29,Weekend,5241.91
275,Industrial,10861,14,36,18.67,Weekend,3809.69
276,Industrial,18271,23,28,23.38,Weekday,4136.67
277,Industrial,18174,68,14,21.53,Weekend,4261.05
278,Industrial,47557,98,30,24.87,Weekday,6383.5
279,Residential,26010,7,36,31.06,Weekend,3435.21
280,Industrial,5799,37,23,34.76,Weekend,3446.15
281,Commercial,26111,26,49,15.85,Weekday,4516.31
282,Residential,22276,71,22,11.22,Weekday,3757.72
283,Residential,49374,13,28,29.4,Weekday,4561.71
284,Industrial,37930,36,19,25.7,Weekend,5008.0
285,Commercial,8573,86,19,27.88,Weekend,3529.25
286,Industrial,1507,58,17,17.56,Weekend,3407.54
287,Industrial,23736,47,12,17.29,Weekday,4360.36
288,Commercial,11316,60,47,29.42,Weekend,3958.7
289,Industrial,24252,36,45,22.91,Weekday,4908.05
290,Commercial,7424,25,47,14.83,Weekday,3537.04
291,Industrial,19074,82,39,17.25,Weekday,5017.45
292,Industrial,11116,64,17,30.65,Weekday,3932.56
293,Industrial,41306,46,41,19.34,Weekday,5798.61
294,Industrial,2242,9,37,11.08,Weekend,3386.72
295,Commercial,34520,96,27,29.12,Weekend,5080.4
296,Residential,2943,13,29,17.8,Weekday,2318.15
297,Residential,45123,5,47,13.18,Weekday,4730.23
298,Industrial,34657,21,47,20.15,Weekday,5332.1
299,Residential,42255,78,47,27.14,Weekday,5247.04
300,Commercial,12701,64,45,13.45,Weekday,4157.81
301,Industrial,46507,41,30,22.6,Weekday,5772.35
302,Industrial,6650,87,33,19.31,Weekend,4265.97
303,Commercial,29421,16,21,34.73,Weekday,3927.4
304,Residential,47563,41,8,18.18,Weekend,4357.27
305,Commercial,33782,71,40,29.61,Weekend,5051.07
306,Residential,42474,62,45,18.51,Weekday,5101.13
307,Industrial,27416,25,37,15.11,Weekend,4785.27
308,Industrial,22091,44,30,11.25,Weekend,4588.3
309,Industrial,27920,28,1,20.84,Weekday,4141.78
310,Commercial,2969,92,32,25.47,Weekday,3631.08
311,Commercial,43506,12,34,11.1,Weekday,4969.79
312,Industrial,23361,26,26,29.05,Weekend,4302.81
313,Commercial,28452,10,43,26.04,Weekend,4252.4
314,Industrial,47914,47,12,33.71,Weekend,5437.17
315,Residential,1226,58,3,22.79,Weekday,2137.35
316,Industrial,9166,15,3,11.8,Weekend,3109.29
317,Commercial,9283,41,40,12.19,Weekday,3663.21
318,Industrial,7140,65,11,13.97,Weekday,3707.17
319,Commercial,36721,66,46,15.58,Weekend,5338.17
320,Commercial,22092,4,1,12.19,Weekend,3103.65
321,Commercial,22026,70,12,21.58,Weekend,3933.39
322,Commercial,17161,46,27,17.59,Weekday,3820.1
323,Industrial,16741,19,27,23.89,Weekend,3947.61
324,Commercial,24150,46,21,28.41,Weekend,3945.47
325,Industrial,35388,13,49,15.09,Weekday,5353.94
326,Commercial,6599,27,28,12.39,Weekend,3097.98
327,Commercial,36322,8,25,27.52,Weekend,4258.49
328,Industrial,7319,21,37,31.57,Weekday,3708.08
329,Industrial,38501,84,3,32.04,Weekday,5214.85
330,Residential,41589,50,34,33.2,Weekday,4643.44
331,Commercial,45850,49,44,24.36,Weekday,5590.7
332,Residential,23390,50,23,23.8,Weekend,3510.52
333,Commercial,18273,37,38,33.06,Weekday,3928.35
334,Residential,26885,94,23,16.63,Weekend,4161.08
335,Industrial,33839,64,11,27.67,Weekday,4963.62
336,Industrial,42373,18,38,27.13,Weekend,5422.98
337,Industrial,47682,20,37,26.45,Weekend,5691.84
338,Industrial,48820,51,35,30.75,Weekday,6047.23
339,Industrial,32732,60,19,31.74,Weekday,5007.9
340,Residential,49969,32,14,26.06,Weekend,4468.13
341,Residential,37009,79,18,20.41,Weekday,4448.42
342,Residential,33056,3,11,32.92,Weekend,3238.18
343,Commercial,3483,79,5,10.37,Weekend,3012.32
344,Commercial,13357,83,31,10.63,Weekday,4114.7
345,Commercial,25326,33,41,21.22,Weekend,4310.2
346,Commercial,47178,27,16,24.14,Weekend,4828.19
347,Commercial,31695,99,35,28.5,Weekend,5132.23
348,Industrial,32321,58,45,32.79,Weekend,5432.11
349,Commercial,4994,79,38,29.59,Weekday,3701.73
350,Industrial,32390,37,7,25.09,Weekend,4504.03
351,Industrial,31178,68,8,32.25,Weekday,4787.64
352,Residential,39563,16,38,28.7,Weekday,4304.63
353,Commercial,11041,68,41,20.88,Weekend,3947.63
354,Residential,22859,24,22,32.87,Weekday,3208.61
355,Residential,41309,55,45,15.4,Weekday,4988.44
356,Residential,18655,13,11,23.22,Weekday,2716.66
357,Residential,9212,77,37,25.66,Weekday,3392.31
358,Residential,21195,18,21,16.16,Weekend,3078.96
359,Industrial,35332,23,29,25.76,Weekday,4997.78
360,Residential,38641,9,3,19.52,Weekend,3484.46
361,Commercial,25074,41,18,26.37,Weekend,3891.86
362,Commercial,9077,26,12,18.34,Weekend,2862.17
363,Residential,12222,80,35,20.16,Weekend,3510.28
364,Industrial,15849,37,15,18.92,Weekend,3867.85
365,Residential,19629,21,39,12.37,Weekday,3459.59
366,Industrial,48424,49,28,11.94,Weekday,5961.49
367,Industrial,12682,62,32,34.54,Weekday,4271.39
368,Residential,26431,91,14,25.79,Weekday,3932.59
369,Industrial,6126,49,13,18.44,Weekday,3514.09
370,Commercial,27411,41,13,13.43,Weekday,4023.41
371,Commercial,20475,79,28,13.9,Weekday,4354.25
372,Industrial,37708,91,23,29.54,Weekend,5607.7
373,Residential,46786,17,49,29.5,Weekday,4891.8
374,Industrial,29787,77,38,30.67,Weekday,5416.01
375,Residential,42286,50,35,11.13,Weekday,4808.64
376,Commercial,38404,21,30,24.39,Weekend,4608.27
377,Residential,36272,93,6,32.04,Weekday,4253.4
378,Commercial,36296,35,40,32.11,Weekday,4854.25
379,Commercial,27458,99,6,23.09,Weekend,4367.45
380,Residential,13484,42,23,25.92,Weekend,2924.6
381,Industrial,14129,50,29,18.54,Weekend,4193.77
382,Commercial,11206,72,24,14.25,Weekend,3689.04
383,Commercial,47266,14,39,14.13,Weekend,5212.64
384,Commercial,18278,7,44,32.44,Weekend,3701.68
385,Commercial,45641,41,21,15.87,Weekday,5082.68
386,Industrial,5471,24,34,28.34,Weekday,3601.86
387,Industrial,24942,35,38,20.76,Weekend,4753.3
388,Residential,8064,90,12,20.83,Weekday,2989.05
389,Residential,37480,45,20,20.29,Weekday,4172.54
390,Commercial,18797,94,25,20.37,Weekend,4278.0
391,Commercial,24589,48,7,33.17,Weekend,3683.59
392,Commercial,15782,39,18,16.16,Weekday,3508.32
393,Residential,46243,58,3,12.25,Weekend,4390.91
394,Residential,27806,28,21,25.4,Weekday,3513.31
395,Residential,22973,75,45,17.0,Weekend,4213.66
396,Industrial,7811,57,39,21.27,Weekday,4184.21
397,Commercial,9630,25,11,27.42,Weekday,2864.42
398,Residential,45465,3,25,10.42,Weekend,4251.16
399,Residential,21107,70,3,24.76,Weekday,3241.57
400,Commercial,36987,22,26,15.34,Weekday,4562.64
401,Industrial,22919,55,15,29.27,Weekend,4349.61
402,Residential,35384,21,30,18.62,Weekday,4036.12
403,Residential,32389,91,31,21.16,Weekend,4543.67
404,Residential,43582,92,4,18.9,Weekend,4584.62
405,Industrial,2122,68,36,31.82,Weekday,3897.02
406,Industrial,14169,52,5,18.39,Weekend,3736.5
407,Residential,22374,14,37,22.23,Weekday,3437.53
408,Residential,2490,91,8,25.03,Weekday,2619.36
409,Industrial,47554,72,8,25.75,Weekend,5628.95
410,Commercial,24374,89,31,33.73,Weekend,4560.05
411,Commercial,11331,47,43,21.1,Weekend,3791.04
412,Industrial,2060,69,41,12.68,Weekday,4099.62
413,Commercial,47537,34,17,16.6,Weekday,5023.85
414,Residential,29577,82,28,13.04,Weekday,4343.66
415,Commercial,39999,24,16,17.95,Weekday,4520.19
416,Commercial,22066,98,40,25.77,Weekday,4804.46
417,Industrial,22451,93,30,20.4,Weekday,5100.56
418,Industrial,35136,87,42,30.03,Weekday,5866.63
419,Residential,39065,75,24,10.17,Weekday,4682.41
420,Commercial,46393,19,43,15.6,Weekday,5341.65
421,Commercial,42449,48,20,14.3,Weekend,4930.94
422,Industrial,19046,46,29,28.51,Weekday,4399.73
423,Commercial,34219,92,49,27.39,Weekend,5473.98
424,Residential,48780,1,16,10.14,Weekend,4218.29
425,Residential,1026,90,49,11.14,Weekend,3375.62
426,Commercial,21952,22,34,25.98,Weekend,3867.72
427,Commercial,25451,60,9,28.7,Weekend,3909.07
428,Commercial,44379,15,28,15.33,Weekend,4852.28
429,Industrial,40863,47,1,17.61,Weekend,4945.09
430,Residential,21889,44,18,18.87,Weekday,3350.09
431,Commercial,49648,49,12,30.18,Weekend,5061.5
432,Commercial,26643,49,12,25.27,Weekday,3985.8
433,Residential,8473,9,22,12.1,Weekday,2443.16
434,Industrial,32588,75,10,13.13,Weekend,5013.75
435,Industrial,27089,69,25,29.33,Weekday,4947.78
436,Residential,34036,35,43,16.24,Weekend,4330.61
437,Industrial,17834,66,19,23.56,Weekday,4363.89
438,Residential,35060,39,45,26.93,Weekend,4408.36
439,Residential,3842,45,12,34.26,Weekday,2260.82
440,Residential,25078,95,9,24.24,Weekend,3762.71
441,Commercial,2425,70,8,34.79,Weekend,2807.29
442,Commercial,3930,1,28,30.59,Weekend,2613.53
443,Residential,31086,52,32,13.34,Weekday,4197.59
444,Residential,31610,15,36,14.78,Weekday,3926.61
445,Residential,45141,36,46,31.53,Weekend,4879.42
446,Industrial,16085,95,45,23.87,Weekend,5034.91
447,Commercial,43034,23,12,14.2,Weekend,4550.69
448,Residential,49189,51,22,24.03,Weekday,4839.29
449,Commercial,13850,45,26,20.98,Weekend,3557.61
450,Industrial,13095,76,41,29.41,Weekday,4637.71
451,Commercial,22020,43,4,28.28,Weekday,3519.59
452,Residential,14237,45,28,28.96,Weekday,3127.07
453,Commercial,7583,16,9,30.84,Weekend,2564.94
454,Industrial,12503,59,3,12.89,Weekend,3710.69
455,Residential,27924,85,7,17.39,Weekend,3799.24
456,Commercial,13151,58,19,26.56,Weekday,3534.74
457,Commercial,2250,11,4,22.11,Weekday,2241.96
458,Industrial,3217,11,8,23.83,Weekend,2811.68
459,Commercial,27227,89,23,15.01,Weekday,4686.28
460,Residential,30356,25,30,27.82,Weekend,3728.69
461,Commercial,21695,53,29,11.12,Weekday,4189.13
462,Residential,4256,44,9,21.22,Weekday,2276.7
463,Residential,25057,21,29,24.97,Weekend,3417.99
464,Commercial,625,9,18,19.56,Weekday,2433.47
465,Residential,28356,32,2,15.25,Weekend,3201.55
466,Residential,14788,38,9,22.75,Weekday,2735.63
467,Commercial,45686,12,46,22.81,Weekday,5260.26
468,Commercial,42252,19,33,11.34,Weekend,4905.91
469,Industrial,42824,90,34,27.26,Weekend,6084.9
470,Industrial,32075,8,38,18.84,Weekend,4849.54
471,Commercial,47819,81,5,24.47,Weekday,5228.59
472,Industrial,14260,74,8,27.33,Weekday,4026.33
473,Industrial,36944,57,18,29.65,Weekday,5178.97
474,Commercial,15729,36,17,20.37,Weekend,3384.58
475,Residential,12754,89,48,30.51,Weekday,3885.13
476,Residential,39610,91,40,27.6,Weekday,5102.49
477,Commercial,39059,57,47,28.74,Weekend,5319.27
478,Commercial,21081,20,42,25.28,Weekend,3967.63
479,Commercial,17274,97,46,15.79,Weekday,4724.76
480,Commercial,11289,25,8,26.63,Weekend,2841.31
481,Residential,35557,99,27,31.43,Weekend,4650.7
482,Commercial,35900,49,19,31.45,Weekend,4507.73
483,Industrial,2856,12,19,27.05,Weekday,3057.53
484,Residential,48023,42,46,17.82,Weekend,5152.04
485,Commercial,4732,52,39,28.23,Weekend,3395.45
486,Residential,34095,29,21,29.94,Weekend,3765.06
487,Residential,10725,28,22,28.11,Weekday,2665.72
488,Commercial,25057,86,32,30.61,Weekday,4649.81
489,Residential,5290,61,11,33.75,Weekday,2475.76
490,Industrial,2480,30,9,24.72,Weekday,3030.38
491,Industrial,19596,23,35,19.8,Weekend,4310.82
492,Commercial,2921,50,5,10.33,Weekday,2744.38
493,Residential,29125,57,7,16.94,Weekday,3631.54
494,Commercial,20076,33,42,34.22,Weekend,4002.72
495,Industrial,2836,46,46,13.74,Weekend,3953.1
496,Residential,10484,81,48,13.6,Weekday,3776.21
497,Commercial,24570,17,11,11.75,Weekday,3609.75
498,Residential,4633,98,2,15.1,Weekday,2726.13
499,Industrial,47304,98,11,12.3,Weekday,6053.68
500,Commercial,36562,99,11,30.78,Weekend,4884.18
501,Industrial,19350,38,13,28.33,Weekend,3965.87
502,Residential,1739,61,26,30.51,Weekday,2614.4
503,Residential,32390,84,15,27.44,Weekday,4172.29
504,Industrial,45504,24,32,24.99,Weekday,5580.25
505,Residential,48790,58,38,28.79,Weekday,5185.54
506,Residential,37834,12,10,32.88,Weekend,3547.29
507,Residential,23650,82,29,20.36,Weekday,4030.72
508,Residential,46058,88,33,11.53,Weekday,5335.23
509,Commercial,9211,33,28,10.16,Weekend,3299.75
510,Industrial,21672,7,34,28.05,Weekday,4243.36
511,Industrial,39943,74,5,31.83,Weekday,5228.01
512,Commercial,1456,74,38,15.66,Weekend,3494.52
513,Commercial,20559,21,8,26.77,Weekday,3314.12
514,Residential,42960,78,33,19.33,Weekday,5041.34
515,Residential,42063,77,9,17.72,Weekend,4464.55
516,Residential,49488,99,41,17.6,Weekday,5746.4
517,Commercial,41657,76,38,32.07,Weekday,5492.51
518,Residential,2024,25,4,28.84,Weekend,1787.0
519,Industrial,10268,35,20,33.18,Weekday,3647.48
520,Industrial,11224,25,49,15.38,Weekend,4214.3
521,Commercial,40192,23,23,30.0,Weekend,4549.59
522,Industrial,25791,84,45,14.96,Weekend,5454.74
523,Residential,22292,25,43,24.55,Weekend,3601.83
524,Industrial,1114,14,40,12.59,Weekend,3432.74
525,Industrial,42707,4,44,16.78,Weekend,5471.43
526,Commercial,23540,80,10,15.5,Weekday,4149.49
527,Commercial,16938,36,13,15.51,Weekday,3439.34
528,Residential,17934,70,44,27.56,Weekday,3888.89
529,Industrial,37719,16,20,23.97,Weekday,4876.08
530,Industrial,4533,20,46,12.33,Weekday,3835.0
531,Commercial,34061,43,14,31.26,Weekday,4306.74
532,Residential,47555,34,29,24.16,Weekday,4726.97
533,Residential,34572,14,1,12.8,Weekend,3324.61
534,Residential,29552,42,38,25.04,Weekday,4082.39
535,Commercial,9874,5,19,20.65,Weekday,2870.44
536,Industrial,19597,89,6,23.69,Weekend,4371.38
537,Commercial,44665,36,2,13.93,Weekend,4563.58
538,Residential,18811,19,25,14.33,Weekday,3108.88
539,Residential,5795,17,42,33.72,Weekend,2631.16
540,Commercial,29035,5,34,19.77,Weekday,4132.91
541,Commercial,29365,18,24,12.93,Weekend,4063.62
542,Commercial,2606,30,2,29.63,Weekday,2372.16
543,Commercial,1322,81,2,15.38,Weekend,2839.18
544,Residential,20644,29,7,21.54,Weekday,2904.51
545,Commercial,38506,82,26,17.62,Weekend,5177.22
546,Residential,18524,78,4,33.5,Weekday,3168.71
547,Industrial,35122,56,41,34.55,Weekday,5513.36
548,Industrial,20549,68,4,24.59,Weekend,4164.5
549,Commercial,21439,24,42,15.79,Weekend,4073.01
550,Industrial,38073,87,22,34.18,Weekend,5542.74
551,Commercial,27205,44,14,11.38,Weekend,4023.35
552,Residential,33475,82,13,32.62,Weekend,4090.65
553,Residential,10347,94,8,17.91,Weekend,3027.78
554,Commercial,10896,71,17,16.99,Weekend,3509.87
555,Industrial,32909,47,29,33.37,Weekend,5028.58
556,Residential,36340,42,15,31.27,Weekend,3880.66
557,Residential,30129,29,33,23.73,Weekend,3837.78
558,Industrial,16869,10,13,20.89,Weekend,3598.99
559,Residential,20603,98,36,29.52,Weekend,4082.56
560,Industrial,34580,47,13,25.41,Weekend,4831.96
561,Commercial,30527,70,20,11.89,Weekday,4616.89
562,Commercial,22236,65,5,34.67,Weekend,3688.46
563,Industrial,9282,17,6,29.31,Weekday,3157.54
564,Industrial,4297,7,32,15.67,Weekday,3396.51
565,Residential,49345,22,18,11.87,Weekday,4537.9
566,Industrial,28645,32,43,12.86,Weekday,5097.96
567,Commercial,46148,5,20,29.6,Weekday,4659.4
568,Commercial,29757,3,6,11.91,Weekend,3578.29
569,Commercial,32765,26,9,10.52,Weekday,4075.67
570,Industrial,24558,80,8,24.3,Weekend,4566.41
571,Commercial,12842,60,39,25.63,Weekend,3893.95
572,Industrial,40464,89,17,34.04,Weekday,5633.01
573,Residential,43820,3,36,22.96,Weekday,4376.22
574,Industrial,1025,28,48,24.41,Weekday,3719.19
575,Commercial,33357,92,43,23.58,Weekend,5329.97
576,Commercial,24357,6,29,21.36,Weekend,3751.05
577,Industrial,46460,3,18,25.95,Weekend,5083.26
578,Commercial,39504,86,46,12.07,Weekday,5744.86
579,Residential,24010,87,36,19.67,Weekday,4242.17
580,Commercial,49287,60,42,18.31,Weekday,5862.82
581,Residential,41260,35,38,29.66,Weekend,4524.71
582,Commercial,40983,66,47,12.96,Weekday,5634.35
583,Residential,32847,34,35,19.28,Weekend,4085.95
584,Commercial,28029,38,15,18.72,Weekend,3987.84
585,Residential,46740,19,25,10.29,Weekend,4475.56
586,Industrial,39724,44,38,14.79,Weekday,5662.27
587,Industrial,33797,86,13,13.96,Weekday,5290.06
588,Commercial,45238,72,47,20.95,Weekday,5867.13
589,Commercial,5584,21,9,29.51,Weekend,2521.63
590,Commercial,46697,70,7,25.71,Weekday,5096.3
591,Residential,47804,99,38,31.79,Weekend,5481.27
592,Residential,23696,85,29,11.31,Weekend,4058.25
593,Commercial,46219,49,41,29.52,Weekend,5473.33
594,Industrial,42273,99,36,21.27,Weekend,6217.3
595,Industrial,48017,1,8,32.46,Weekday,4958.57
596,Industrial,16396,79,49,10.39,Weekend,5037.86
597,Industrial,39841,47,7,25.25,Weekday,5025.81
598,Residential,21109,78,36,10.33,Weekend,4003.79
599,Commercial,4518,85,27,15.09,Weekend,3540.45
600,Residential,25838,75,27,24.06,Weekday,4011.58
601,Residential,36423,89,29,18.3,Weekday,4749.64
602,Industrial,27223,86,44,30.86,Weekend,5446.83
603,Industrial,31963,69,5,10.24,Weekday,4886.94
604,Commercial,41860,28,34,23.64,Weekend,4934.8
605,Commercial,47100,5,1,10.13,Weekend,4374.33
606,Commercial,5148,72,18,26.98,Weekend,3202.5
607,Industrial,23519,55,45,14.99,Weekday,5101.01
608,Residential,1620,72,23,20.14,Weekend,2660.28
609,Residential,2579,32,49,12.3,Weekend,2867.44
610,Industrial,42374,36,28,29.67,Weekend,5390.35
611,Residential,42740,60,22,15.42,Weekday,4649.88
612,Industrial,43908,1,28,19.15,Weekday,5219.66
613,Residential,40787,35,4,13.99,Weekday,3949.4
614,Residential,39530,59,25,23.69,Weekday,4498.07
615,Residential,10895,18,26,34.47,Weekday,2622.38
616,Commercial,33562,61,41,34.63,Weekend,4934.94
617,Residential,26321,89,43,13.9,Weekend,4496.55
618,Commercial,41901,23,26,33.56,Weekend,4677.23
619,Commercial,13213,79,30,26.73,Weekend,3916.99
620,Residential,22230,16,25,29.13,Weekend,3125.85
621,Residential,29102,31,41,32.35,Weekday,3973.35
622,Residential,29692,13,45,26.11,Weekend,3884.07
623,Residential,48979,61,1,24.54,Weekday,4506.27
624,Commercial,36955,71,27,28.08,Weekend,4957.36
625,Residential,13724,13,4,20.76,Weekday,2342.38
626,Commercial,39209,67,24,21.48,Weekend,5003.05
627,Industrial,34677,55,29,18.34,Weekend,5272.15
628,Residential,29509,64,47,14.73,Weekend,4481.81
629,Residential,47233,66,8,10.16,Weekday,4680.87
630,Residential,38500,42,49,25.31,Weekend,4698.47
631,Commercial,19756,61,47,33.38,Weekend,4370.89
632,Residential,31159,35,42,17.84,Weekday,4208.74
633,Commercial,17675,48,36,19.41,Weekday,4036.68
634,Commercial,20123,13,19,24.92,Weekday,3441.55
635,Residential,25361,77,26,24.09,Weekend,3937.59
636,Residential,49256,82,35,30.7,Weekend,5329.29
637,Residential,35339,85,27,32.39,Weekend,4494.99
638,Commercial,12153,75,23,16.83,Weekend,3733.52
639,Industrial,39698,85,36,17.99,Weekday,6014.94
640,Industrial,18833,30,25,22.66,Weekday,4178.36
641,Residential,21081,5,25,26.29,Weekend,2972.61
642,Industrial,15061,43,21,26.86,Weekday,4018.77
643,Industrial,41631,13,6,29.32,Weekend,4684.93
644,Industrial,19529,85,19,28.85,Weekday,4612.22
645,Residential,33539,21,15,28.71,Weekday,3593.42
646,Residential,28196,74,19,24.55,Weekend,3907.03
647,Commercial,3420,61,49,12.65,Weekend,3697.77
648,Commercial,2982,15,13,11.71,Weekend,2500.56
649,Commercial,18881,54,6,19.05,Weekday,3558.78
650,Commercial,32623,65,29,27.67,Weekday,4772.8
651,Commercial,47214,48,20,22.94,Weekend,5126.0
652,Commercial,27237,39,41,15.33,Weekend,4495.21
653,Commercial,27288,32,42,11.26,Weekday,4518.12
654,Residential,30257,72,10,33.34,Weekday,3816.15
655,Commercial,49653,89,37,26.33,Weekend,5980.98
656,Industrial,26349,88,46,10.79,Weekend,5563.48
657,Residential,37629,17,14,21.58,Weekend,3723.56
658,Commercial,41696,98,43,33.1,Weekday,5809.3
659,Industrial,14098,16,45,19.1,Weekend,4169.39
660,Commercial,37435,26,35,21.64,Weekday,4773.54
661,Commercial,8470,50,46,26.35,Weekday,3761.75
662,Residential,25019,19,35,28.29,Weekday,3549.48
663,Industrial,16501,63,45,10.2,Weekday,4854.04
664,Residential,13909,62,21,18.76,Weekend,3141.67
665,Residential,802,17,40,20.5,Weekday,2457.6
666,Industrial,18523,79,45,22.39,Weekday,5054.19
667,Industrial,10003,3,47,10.74,Weekend,3916.46
668,Industrial,32684,99,38,34.99,Weekend,5709.26
669,Industrial,46039,41,36,31.89,Weekday,5822.52
670,Commercial,22063,92,8,33.62,Weekend,4015.07
671,Commercial,20008,99,41,11.55,Weekend,4752.66
672,Commercial,20433,78,30,29.41,Weekend,4254.59
673,Industrial,40474,82,6,21.1,Weekend,5358.22
674,Commercial,42787,40,48,23.38,Weekend,5382.43
675,Residential,35696,70,47,10.4,Weekday,4922.82
676,Industrial,20837,1,13,26.45,Weekday,3729.59
677,Residential,43259,33,41,30.12,Weekday,4712.33
678,Residential,14112,3,17,21.0,Weekend,2470.59
679,Industrial,26022,24,21,29.31,Weekend,4314.56
680,Commercial,26119,34,27,29.2,Weekend,4039.93
681,Residential,40248,68,20,30.71,Weekday,4488.84
682,Commercial,24395,60,5,15.03,Weekend,3844.62
683,Industrial,13880,28,19,24.15,Weekend,3733.24
684,Residential,39163,12,44,10.73,Weekday,4454.51
685,Commercial,4472,15,34,21.32,Weekday,2996.99
686,Industrial,20316,69,29,11.85,Weekday,4776.54
687,Residential,38067,14,23,26.61,Weekend,3870.32
688,Commercial,7138,60,27,34.94,Weekday,3372.2
689,Commercial,25417,49,49,22.92,Weekday,4676.25
690,Commercial,7040,4,20,22.82,Weekday,2727.89
691,Industrial,7679,58,32,28.94,Weekday,4009.27
692,Industrial,5257,74,12,12.58,Weekend,3679.96
693,Industrial,6868,36,6,14.81,Weekend,3249.36
694,Commercial,18940,44,33,23.53,Weekday,3979.37
695,Industrial,22427,8,13,26.21,Weekday,3880.32
696,Commercial,36744,71,40,30.41,Weekend,5195.15
697,Commercial,35411,67,23,30.46,Weekday,4798.25
698,Residential,43701,7,12,18.49,Weekday,3952.58
699,Residential,44827,94,34,27.86,Weekday,5272.05
700,Residential,18405,38,24,19.24,Weekday,3234.06
701,Commercial,15523,52,1,27.67,Weekend,3177.82
702,Commercial,46000,39,41,33.57,Weekend,5342.17
703,Industrial,3520,59,13,21.37,Weekend,3419.14
704,Residential,29926,32,43,27.22,Weekday,4090.2
705,Residential,15359,36,13,19.89,Weekend,2788.49
706,Commercial,39782,84,26,16.19,Weekend,5268.16
707,Residential,6871,26,19,33.73,Weekday,2364.9
708,Residential,29234,39,17,34.43,Weekend,3519.56
709,Industrial,28435,9,22,21.98,Weekday,4391.84
710,Commercial,38373,1,27,20.26,Weekday,4417.34
711,Industrial,16208,73,40,15.37,Weekend,4763.57
712,Industrial,13781,99,29,12.46,Weekend,4696.73
713,Industrial,14635,19,27,12.28,Weekend,3900.33
714,Industrial,26463,57,21,31.59,Weekend,4655.22
715,Industrial,37938,98,17,11.14,Weekday,5711.22
716,Commercial,35546,52,4,26.35,Weekend,4245.53
717,Industrial,11289,11,26,18.42,Weekend,3602.33
718,Commercial,48788,53,11,31.31,Weekend,5032.83
719,Residential,5945,16,23,34.38,Weekday,2295.33
720,Residential,38109,62,39,15.16,Weekend,4729.67
721,Residential,17225,6,9,30.23,Weekday,2500.08
722,Commercial,49270,28,38,23.08,Weekday,5438.11
723,Residential,43020,32,34,11.75,Weekday,4642.27
724,Residential,49638,29,15,20.88,Weekday,4517.48
725,Commercial,27130,7,34,14.73,Weekend,4032.83
726,Commercial,11583,48,17,23.29,Weekday,3332.69
727,Residential,46663,15,28,11.5,Weekday,4535.64
728,Industrial,1779,84,14,31.84,Weekday,3599.73
729,Industrial,18588,7,17,19.39,Weekday,3792.47
730,Commercial,22680,62,21,16.37,Weekend,4092.14
731,Commercial,37698,4,21,11.07,Weekday,4339.55
732,Commercial,37648,60,18,21.25,Weekend,4736.14
733,Industrial,27990,85,31,23.93,Weekend,5249.84
734,Industrial,49768,51,22,34.91,Weekend,5763.85
735,Residential,22227,56,49,12.86,Weekend,4087.05
736,Residential,15898,83,20,29.5,Weekend,3377.38
737,Residential,8406,25,36,19.48,Weekday,2842.91
738,Industrial,23779,92,6,18.96,Weekday,4684.16
739,Industrial,2550,97,45,34.58,Weekday,4374.59
740,Industrial,47719,92,7,32.82,Weekend,5781.83
741,Commercial,36112,17,42,28.54,Weekday,4722.9
742,Industrial,20456,50,6,33.53,Weekend,3975.14
743,Industrial,46265,68,38,18.13,Weekday,6212.59
744,Residential,46526,14,20,27.93,Weekday,4276.66
745,Residential,2262,36,49,16.09,Weekend,2872.63
746,Industrial,10681,71,47,19.75,Weekday,4635.28
747,Residential,49438,93,17,13.31,Weekday,5225.35
748,Commercial,1935,96,28,30.73,Weekend,3463.09
749,Commercial,12036,61,47,26.75,Weekend,4018.05
750,Residential,12612,65,5,28.73,Weekday,2786.93
751,Residential,28288,52,19,31.72,Weekend,3655.82
752,Commercial,12055,52,28,19.62,Weekday,3634.65
753,Industrial,38758,7,41,10.05,Weekday,5327.65
754,Industrial,32380,1,21,19.77,Weekday,4500.16
755,Residential,26392,13,9,12.69,Weekend,3066.15
756,Industrial,47956,8,22,34.4,Weekend,5245.78
757,Commercial,45580,26,1,29.63,Weekday,4460.84
758,Residential,6276,75,36,33.11,Weekend,3118.23
759,Commercial,36340,33,20,16.2,Weekday,4516.02
760,Industrial,49270,19,39,11.26,Weekend,5877.19
761,Commercial,31790,46,31,27.09,Weekend,4534.07
762,Industrial,33820,56,8,21.32,Weekday,4854.4
763,Residential,3073,33,17,17.03,Weekday,2288.52
764,Residential,38743,65,23,10.2,Weekday,4546.15
765,Residential,14494,2,9,32.68,Weekday,2311.29
766,Commercial,12418,73,13,17.02,Weekend,3525.79
767,Commercial,10024,54,40,10.49,Weekday,3838.73
768,Residential,24070,2,49,24.59,Weekend,3580.56
769,Residential,47690,39,11,33.49,Weekday,4377.04
770,Industrial,17014,91,8,26.94,Weekday,4336.02
771,Industrial,26515,45,25,33.47,Weekday,4658.38
772,Industrial,14359,69,40,19.94,Weekday,4658.27
773,Residential,9320,40,44,21.16,Weekend,3140.2
774,Commercial,26517,64,29,15.46,Weekend,4468.57
775,Industrial,34223,98,6,29.74,Weekday,5212.46
776,Commercial,39025,86,10,22.42,Weekday,4949.14
777,Residential,5203,86,14,20.59,Weekend,2797.21
778,Commercial,29986,93,9,19.04,Weekend,4514.09
779,Commercial,25650,21,28,25.14,Weekday,3976.81
780,Residential,26623,37,11,23.25,Weekend,3304.91
781,Industrial,47117,83,45,11.05,Weekend,6530.6
782,Industrial,21616,26,48,32.4,Weekday,4688.81
783,Residential,32360,40,13,29.55,Weekend,3630.24
784,Residential,11925,76,9,23.05,Weekend,2921.01
785,Residential,34162,48,26,33.54,Weekday,4090.41
786,Commercial,2469,92,41,13.26,Weekend,3797.14
787,Residential,7222,44,39,34.91,Weekend,2906.57
788,Residential,30720,3,15,10.22,Weekend,3314.91
789,Residential,28673,31,15,11.19,Weekend,3487.69
790,Commercial,16809,49,26,16.35,Weekday,3818.71
791,Commercial,33281,6,26,17.8,Weekday,4205.07
792,Industrial,25438,21,16,23.73,Weekday,4233.24
793,Residential,48138,85,22,19.9,Weekday,5147.4
794,Industrial,36446,92,43,16.56,Weekday,6069.51
795,Residential,48408,2,15,27.49,Weekend,4102.94
796,Industrial,28970,23,49,21.63,Weekend,5050.37
797,Residential,45133,39,39,13.3,Weekday,4910.15
798,Industrial,31311,60,27,17.31,Weekday,5168.99
799,Residential,45528,32,32,28.7,Weekend,4592.9
800,Industrial,30475,92,3,13.61,Weekend,4935.7
801,Commercial,32919,92,8,27.03,Weekday,4640.78
802,Industrial,32205,21,17,15.18,Weekday,4634.34
803,Commercial,41100,8,49,20.38,Weekday,5063.09
804,Commercial,25503,95,9,17.83,Weekday,4366.0
805,Residential,36685,63,12,22.54,Weekend,4091.56
806,Residential,8313,4,43,23.99,Weekday,2745.7
807,Industrial,12675,2,47,11.93,Weekend,4034.11
808,Commercial,16871,93,38,33.96,Weekday,4413.74
809,Commercial,2639,21,25,22.54,Weekday,2779.25
810,Industrial,47795,9,15,34.61,Weekday,5156.72
811,Commercial,10150,31,15,33.79,Weekday,2998.57
812,Industrial,3541,80,7,29.86,Weekend,3467.74
813,Commercial,27160,10,19,21.96,Weekday,3778.19
814,Industrial,26655,70,48,17.14,Weekend,5407.04
815,Commercial,41624,87,20,32.78,Weekday,5237.3
816,Industrial,23616,86,33,18.76,Weekend,5107.0
817,Industrial,48864,68,11,29.85,Weekend,5693.96
818,Residential,11883,54,48,14.77,Weekday,3570.31
819,Commercial,24527,30,11,18.62,Weekend,3653.25
820,Commercial,37811,25,22,19.14,Weekday,4534.85
821,Residential,20041,80,49,22.83,Weekday,4217.88
822,Residential,9610,66,1,20.77,Weekend,2556.63
823,Industrial,42346,20,37,33.31,Weekend,5390.76
824,Commercial,15548,98,45,18.19,Weekday,4616.46
825,Industrial,11882,17,2,31.5,Weekend,3146.62
826,Residential,38658,55,45,23.86,Weekday,4813.61
827,Commercial,3219,27,13,17.65,Weekend,2602.69
828,Industrial,37266,88,31,21.87,Weekend,5753.93
829,Industrial,37301,38,35,20.22,Weekday,5393.95
830,Residential,23893,18,37,31.43,Weekday,3507.49
831,Industrial,49981,2,18,27.43,Weekend,5241.89
832,Residential,14075,72,27,15.1,Weekend,3388.25
833,Industrial,43323,15,4,33.67,Weekend,4727.81
834,Residential,27116,51,16,22.81,Weekend,3571.76
835,Industrial,45584,52,11,20.78,Weekend,5415.31
836,Commercial,16350,14,38,18.39,Weekday,3675.54
837,Residential,32383,88,47,28.41,Weekday,4847.12
838,Industrial,10677,97,12,14.15,Weekend,4173.1
839,Residential,6204,63,35,17.94,Weekday,3100.51
840,Commercial,46667,39,1,30.88,Weekday,4638.97
841,Commercial,24363,10,35,25.87,Weekday,3938.82
842,Commercial,35201,67,9,21.08,Weekend,4504.67
843,Industrial,23034,29,14,33.52,Weekday,4104.1
844,Commercial,781,4,34,22.51,Weekday,2696.49
845,Residential,31023,97,23,20.52,Weekend,4378.55
846,Industrial,32466,29,26,15.49,Weekday,4905.84
847,Residential,18809,12,27,29.52,Weekday,3002.83
848,Residential,18264,49,34,22.35,Weekend,3471.43
849,Commercial,25360,34,26,14.98,Weekday,4103.09
850,Commercial,15163,11,40,11.06,Weekend,3612.86
851,Residential,33481,90,26,23.91,Weekday,4524.49
852,Commercial,44741,78,12,32.66,Weekday,5143.73
853,Industrial,2698,22,37,19.58,Weekend,3496.99
854,Residential,45069,37,17,20.4,Weekend,4361.43
855,Commercial,37179,82,22,14.12,Weekend,5048.34
856,Industrial,46663,55,1,22.99,Weekday,5338.19
857,Residential,42344,5,30,32.29,Weekday,4155.74
858,Commercial,33687,90,14,13.13,Weekend,4798.68
859,Commercial,30948,96,37,20.06,Weekend,5147.11
860,Commercial,27338,37,49,33.14,Weekday,4601.21
861,Industrial,44986,5,41,29.42,Weekend,5472.2
862,Residential,34875,63,24,33.71,Weekday,4235.19
863,Industrial,3749,11,4,21.49,Weekend,2769.99
864,Industrial,1119,11,29,19.96,Weekday,3196.17
865,Residential,13176,2,47,11.58,Weekend,3060.91
866,Commercial,45423,22,2,16.32,Weekend,4449.57
867,Residential,7505,70,41,19.04,Weekday,3350.06
868,Residential,46903,30,3,27.65,Weekday,4116.88
869,Industrial,32784,10,11,19.06,Weekend,4363.9
870,Residential,4925,30,36,18.33,Weekday,2724.62
871,Industrial,49151,45,45,15.8,Weekend,6228.54
872,Industrial,10826,21,28,17.38,Weekend,3724.42
873,Commercial,40559,32,38,30.26,Weekend,4956.67
874,Industrial,44564,58,21,26.4,Weekday,5646.19
875,Residential,37614,11,12,14.63,Weekend,3657.53
876,Residential,9446,43,47,20.27,Weekday,3290.94
877,Residential,10722,79,40,25.83,Weekend,3496.97
878,Residential,30045,42,5,31.62,Weekend,3364.13
879,Industrial,41735,5,39,15.27,Weekend,5340.39
880,Commercial,20346,3,1,28.49,Weekend,2924.87
881,Residential,6395,10,32,22.76,Weekday,2495.93
882,Commercial,30587,70,36,15.27,Weekend,4873.0
883,Industrial,20522,88,42,31.58,Weekend,5088.21
884,Industrial,40387,31,37,20.24,Weekday,5518.13
885,Industrial,15751,9,13,29.07,Weekday,3542.19
886,Commercial,18158,46,3,21.1,Weekday,3372.41
887,Industrial,20194,60,45,22.82,Weekend,4895.61
888,Residential,8304,98,46,18.82,Weekday,3771.12
889,Residential,3724,16,10,26.17,Weekend,1915.37
890,Commercial,10382,63,31,13.89,Weekend,3699.65
891,Residential,29930,63,6,24.99,Weekend,3621.53
892,Commercial,42399,58,35,13.49,Weekend,5332.5
893,Residential,33630,96,32,32.11,Weekend,4620.93
894,Commercial,26931,31,11,25.59,Weekday,3798.62
895,Residential,4314,43,17,31.12,Weekend,2330.09
896,Residential,27185,92,8,13.46,Weekday,3921.95
897,Residential,23999,7,37,13.91,Weekday,3490.41
898,Residential,16835,19,7,33.47,Weekday,2554.39
899,Commercial,17587,72,4,14.08,Weekday,3658.93
900,Residential,12439,20,33,13.16,Weekday,2966.16
901,Residential,28132,49,9,20.74,Weekday,3522.9
902,Commercial,46889,54,28,17.07,Weekend,5359.1
903,Residential,49401,60,13,18.44,Weekday,4787.86
904,Residential,26059,16,19,28.69,Weekday,3249.48
905,Residential,5306,73,42,31.2,Weekday,3229.31
906,Industrial,15652,17,3,20.72,Weekend,3408.98
907,Residential,37880,72,28,16.73,Weekday,4640.37
908,Commercial,25553,96,25,30.45,Weekday,4635.4
909,Commercial,45741,21,33,28.63,Weekday,5063.9
910,Residential,35701,19,17,29.9,Weekend,3665.55
911,Residential,26789,57,4,16.0,Weekday,3459.45
912,Residential,34749,42,46,33.41,Weekend,4410.42
913,Industrial,8570,9,45,26.94,Weekday,3833.81
914,Industrial,31773,60,19,26.02,Weekday,4988.57
915,Residential,32654,74,48,29.06,Weekend,4687.39
916,Industrial,48417,86,23,18.9,Weekend,6146.35
917,Residential,44960,10,35,29.67,Weekday,4449.66
918,Residential,14047,50,46,29.34,Weekday,3525.66
919,Residential,26712,60,42,20.2,Weekday,4224.59
920,Commercial,11872,66,37,28.67,Weekday,3900.25
921,Industrial,11622,93,4,25.21,Weekend,3965.05
922,Residential,9577,90,49,17.05,Weekend,3773.61
923,Industrial,838,34,45,23.29,Weekday,3715.45
924,Commercial,10016,85,8,24.61,Weekday,3437.74
925,Residential,13487,39,32,30.67,Weekday,3101.02
926,Residential,15399,24,2,24.28,Weekday,2478.55
927,Commercial,16978,48,14,12.46,Weekend,3546.62
928,Commercial,11746,1,18,24.76,Weekday,2883.5
929,Residential,32913,21,8,13.77,Weekday,3496.82
930,Industrial,49582,63,37,32.14,Weekend,6188.4
931,Industrial,48802,85,9,14.35,Weekday,5948.34
932,Commercial,42152,47,21,27.7,Weekend,4859.08
933,Commercial,31980,2,33,30.43,Weekend,4126.84
934,Industrial,22304,74,29,11.39,Weekend,4878.26
935,Residential,49958,33,8,28.35,Weekend,4346.16
936,Commercial,5353,20,18,32.04,Weekend,2667.44
937,Industrial,44913,55,48,25.1,Weekend,6130.17
938,Commercial,27157,67,38,21.08,Weekend,4682.44
939,Commercial,15860,95,32,16.24,Weekday,4351.81
940,Industrial,9823,32,5,17.67,Weekend,3322.79
941,Residential,47324,30,32,25.49,Weekend,4678.75
942,Residential,48785,84,6,20.48,Weekend,4796.83
943,Commercial,16063,8,24,30.91,Weekend,3208.59
944,Commercial,10593,32,19,23.55,Weekday,3161.9
945,Industrial,37511,47,45,25.14,Weekday,5669.86
946,Commercial,32696,19,37,24.33,Weekend,4443.15
947,Commercial,25564,87,34,15.2,Weekday,4802.21
948,Residential,36624,74,30,30.45,Weekend,4518.97
949,Commercial,38284,36,8,12.75,Weekend,4370.44
950,Commercial,28904,3,3,32.11,Weekday,3424.66
951,Commercial,9700,20,35,27.42,Weekday,3297.91
952,Industrial,26899,36,45,25.43,Weekend,4977.79
953,Industrial,1422,44,24,16.79,Weekday,3457.17
954,Commercial,39065,94,38,16.96,Weekend,5568.44
955,Commercial,2328,69,16,12.36,Weekday,3114.61
956,Residential,27484,47,48,28.79,Weekend,4160.27
957,Residential,20415,35,5,31.08,Weekend,2815.34
958,Commercial,33620,98,5,12.47,Weekday,4748.66
959,Industrial,18102,21,35,31.59,Weekday,4207.14
960,Industrial,9708,70,24,31.32,Weekend,4008.78
961,Residential,16532,8,18,32.12,Weekend,2605.98
962,Industrial,34516,75,15,23.3,Weekday,5209.3
963,Commercial,36237,45,23,29.86,Weekday,4622.54
964,Residential,31061,94,17,11.66,Weekend,4274.73
965,Commercial,20991,83,29,31.85,Weekend,4300.28
966,Commercial,21306,21,35,27.24,Weekday,3889.08
967,Commercial,3889,21,40,27.75,Weekday,3115.68
968,Residential,11802,15,34,10.25,Weekend,2868.84
969,Residential,7509,30,18,10.51,Weekday,2532.88
970,Commercial,39350,77,11,12.22,Weekday,4946.38
971,Residential,44142,62,38,30.82,Weekday,4983.0
972,Commercial,29759,94,14,28.28,Weekday,4616.56
973,Industrial,21927,95,10,33.51,Weekday,4628.8
974,Residential,47564,23,44,25.48,Weekend,4860.8
975,Industrial,7145,67,37,21.23,Weekday,4211.11
976,Residential,17153,9,1,34.06,Weekday,2347.37
977,Commercial,12245,85,4,22.85,Weekend,3428.02
978,Industrial,42398,44,22,30.32,Weekend,5348.31
979,Commercial,8936,38,24,23.33,Weekday,3240.14
980,Commercial,21788,21,9,21.56,Weekend,3371.6
981,Commercial,20494,18,9,15.93,Weekend,3305.06
982,Industrial,20478,80,41,20.69,Weekend,5040.46
983,Residential,2470,65,46,20.94,Weekday,3138.81
984,Residential,1045,60,46,24.71,Weekend,2948.69
985,Industrial,29029,82,30,21.74,Weekend,5262.76
986,Commercial,5099,39,6,16.24,Weekend,2683.73
987,Commercial,36908,60,9,28.82,Weekday,4531.32
988,Industrial,30281,46,12,20.46,Weekend,4611.73
989,Residential,48775,54,27,17.78,Weekday,4979.87
990,Industrial,48337,69,44,15.67,Weekday,6458.51
991,Industrial,34893,86,28,16.18,Weekday,5633.76
992,Commercial,5280,49,26,30.56,Weekend,3121.19
993,Residential,15828,52,11,29.55,Weekend,2883.63
994,Residential,26212,35,1,23.3,Weekend,3064.11
995,Residential,14419,68,44,23.95,Weekend,3661.21
996,Industrial,12194,7,22,14.67,Weekend,3546.34
997,Commercial,39562,88,20,32.18,Weekday,5147.21
998,Residential,8348,67,37,16.48,Weekend,3244.98
999,Commercial,15813,57,11,31.4,Weekend,3423.63
0,Residential,24563,15,4,28.52,Weekday,2865.57
1,Commercial,27583,56,23,23.07,Weekend,4283.8
2,Commercial,45313,4,44,33.56,Weekday,5067.83
3,Residential,41625,84,17,27.39,Weekend,4624.3
4,Residential,36720,58,47,17.08,Weekday,4820.59
5,Industrial,31207,47,28,22.82,Weekday,5026.23
6,Residential,39227,18,44,23.36,Weekend,4404.56
7,Residential,7814,21,19,27.27,Weekday,2394.37
8,Industrial,20482,24,16,23.0,Weekend,3969.09
9,Industrial,21030,90,35,12.96,Weekday,5136.69
10,Commercial,41401,87,15,15.54,Weekend,5162.33
11,Industrial,6279,23,41,10.77,Weekend,3810.09
12,Industrial,31963,2,20,23.53,Weekend,4400.48
13,Commercial,29187,82,39,23.54,Weekday,4991.64
14,Industrial,13990,80,27,12.9,Weekend,4474.98
15,Residential,8157,10,37,25.96,Weekday,2668.06
16,Industrial,27165,73,25,30.15,Weekday,4987.52
17,Industrial,5819,56,41,26.19,Weekend,4039.98
18,Residential,6155,78,43,21.89,Weekday,3388.29
19,Commercial,33233,48,4,30.54,Weekend,4068.94
20,Industrial,24762,51,12,21.65,Weekend,4379.87
21,Commercial,25925,96,40,26.9,Weekend,4921.73
22,Industrial,42729,20,17,11.91,Weekend,5116.9
23,Industrial,18150,87,26,28.24,Weekend,4656.29
24,Industrial,42767,40,28,17.94,Weekend,5508.64
25,Residential,35650,98,1,25.43,Weekday,4205.35
26,Residential,40486,27,28,15.73,Weekend,4275.65
27,Commercial,44253,30,5,24.14,Weekend,4491.97
28,Commercial,27582,24,24,29.99,Weekday,3999.14
29,Commercial,21162,10,37,27.83,Weekend,3758.95
30,Industrial,27708,47,24,11.26,Weekend,4779.08
31,Residential,44539,8,44,26.62,Weekday,4603.83
32,Commercial,49354,84,38,15.03,Weekday,6042.56
33,Commercial,19926,27,17,19.33,Weekend,3509.64
34,Residential,28070,10,33,12.93,Weekend,3598.87
35,Commercial,22797,7,45,21.26,Weekend,4003.54
36,Residential,45412,11,21,31.45,Weekday,4193.36
37,Industrial,29331,8,1,31.71,Weekend,3908.0
38,Residential,2743,3,42,20.36,Weekend,2405.34
39,Commercial,45772,50,45,25.48,Weekday,5611.18
40,Residential,39327,70,36,19.4,Weekend,4789.37
41,Residential,11546,91,47,17.42,Weekend,3840.2
42,Residential,39390,52,48,20.37,Weekday,4897.66
43,Residential,38141,90,11,19.64,Weekend,4428.85
44,Residential,36642,36,32,11.17,Weekend,4276.25
45,Residential,5444,97,42,15.11,Weekend,3506.64
46,Industrial,40885,6,31,20.3,Weekday,5172.77
47,Residential,11985,41,17,33.48,Weekday,2731.87
48,Residential,16582,33,28,11.13,Weekend,3163.44
49,Residential,19422,70,49,10.4,Weekday,4149.12
50,Residential,24210,28,14,22.05,Weekend,3160.27
51,Residential,34256,30,44,29.64,Weekday,4294.59
52,Commercial,29873,88,48,21.55,Weekday,5275.92
53,Residential,7924,63,36,34.71,Weekend,3072.63
54,Industrial,7070,44,18,14.78,Weekday,3629.61
55,Industrial,36496,5,38,24.0,Weekend,5014.79
56,Residential,9655,87,13,22.86,Weekend,2998.47
57,Commercial,40452,52,28,23.83,Weekend,4983.43
58,Commercial,40542,31,19,12.01,Weekday,4707.07
59,Residential,11498,70,12,28.57,Weekend,2872.05
60,Residential,1306,8,43,30.67,Weekend,2351.97
61,Industrial,46494,42,2,34.55,Weekday,5161.94
62,Residential,21408,73,20,27.59,Weekend,3562.43
63,Residential,1636,19,49,15.18,Weekday,2725.89
64,Commercial,48114,30,36,15.93,Weekend,5346.06
65,Industrial,28465,71,46,21.45,Weekend,5446.0
66,Industrial,18350,86,18,12.38,Weekend,4575.58
67,Industrial,13088,41,30,33.5,Weekday,4046.88
68,Commercial,11553,13,23,25.63,Weekend,3039.52
69,Residential,38099,22,16,20.19,Weekend,3844.0
70,Industrial,5908,49,49,32.4,Weekend,4103.39
71,Industrial,17868,68,35,10.4,Weekend,4721.39
72,Commercial,38141,99,23,14.54,Weekday,5334.33
73,Commercial,26715,27,46,13.11,Weekday,4510.2
74,Industrial,14218,74,8,30.22,Weekday,4009.8
75,Commercial,9405,31,30,11.04,Weekday,3375.06
76,Residential,26158,98,47,31.83,Weekday,4618.77
77,Industrial,38856,36,8,14.75,Weekday,4939.07
78,Residential,17982,4,37,13.29,Weekend,3112.64
79,Commercial,40337,9,27,16.96,Weekday,4612.04
80,Residential,28461,20,44,14.43,Weekday,3980.9
81,Industrial,36836,4,2,19.49,Weekday,4374.35
82,Industrial,20517,20,21,29.01,Weekday,4050.8
83,Industrial,47042,53,32,34.36,Weekday,5900.32
84,Residential,31487,60,3,17.97,Weekday,3694.52
85,Commercial,33413,75,17,21.6,Weekend,4652.65
86,Industrial,19750,80,39,20.28,Weekday,5016.11
87,Industrial,9684,13,9,33.28,Weekend,3127.82
88,Industrial,21087,92,42,26.97,Weekend,5179.49
89,Commercial,19940,64,22,25.01,Weekday,4001.96
90,Residential,31178,26,11,27.46,Weekday,3451.58
91,Residential,33642,66,11,16.89,Weekend,3977.63
92,Residential,34160,66,2,25.46,Weekday,3830.68
93,Industrial,2091,99,39,24.85,Weekend,4250.29
94,Industrial,30211,21,3,28.58,Weekend,4137.66
95,Commercial,1161,81,11,15.45,Weekend,3010.81
96,Residential,37943,50,23,21.73,Weekend,4248.49
97,Commercial,1558,27,29,16.86,Weekend,2843.6
98,Industrial,2145,56,12,11.77,Weekend,3348.39
99,Residential,42414,72,24,29.62,Weekday,4722.59
